Reference Number,Timestamp,NRIC of Interpreter,Name of Interpreter,Residential Address,Email Address,Requestor,Case Reference Number,Claim for Interpretation Services Rendered to,Branch,Purpose of Interpretation,Language Interpreted,Date of Service,Service From (Hour),Service From (Minute),Service To (Hour),Service To (Minute)
R01,"Thu, 3 Aug 2018 02:03:55 PM",S1234567D,Aye Aye,Bishan,aye2@yahoo.com.sg,Tan Lih,LRWD2018-1234,LRWD,ESB,Interpret documents,Cantonese,1-Aug-18,20,10,23,10
R02,"Thu, 5 Aug 2018 01:34:18 PM",S1294567Z,Khursuhda,Seng Kang,KK@yahoo.com.sg,Wayne,FMMD2018-1272,FMMD,EALB,Others: Negotation,Malay,1-Aug-18,12,45,14,0
R03,"Thu, 5 Aug 2018 01:37:31 PM",S1234567I,Badrul,Punggol,Badurl@live.com.sg,Rachel,FMMD2018-1256,FMMD,EALB,Interpret documents,Tagalog,3-Aug-18,10,14,16,25
R04,"Thu, 5 Aug 2018 01:40:35 PM",S1234567H,Khurshida,Jurong West,KHDA@yahoo.com,Ng Yen,FMMD2018-1234,FMMD,HEB,Engagement / Interview,Bengali,3-Aug-18,22,0,23,0
R05,"Thu, 9 Aug 2018 01:14:11 PM",S1234459Z,Chakravart,Ang Mo Kio,Chakraa@gmail.com,See Toh,LRWD18-090,LRWD,EALB,Interpret documents,Indonesia,7-Aug-18,9,30,12,30
R06,"Thu, 10 Aug 2018 01:14:11 PM",S1234459Z,Chakravarti,Ang Mo Kio,Chakrava@gmail.com,See Toh,LRWD18-090,LRWD,EALB,Interpret documents,Indonesia,7-Aug-18,9,30,12,30
R07,"Thu, 11 Aug 2018 01:14:11 PM",S1234459Z,Chakravar,Ang Mo Kio,Chakrav@gmail.com,Affendi,OSHD2018-4629,OSHD,TMB,Interpret documents,Indonesia,9-Aug-18,10,30,11,30
R08,"Thu, 12 Aug 2018 01:14:11 PM",S1234459Z,Chakravarti,Ang Mo Kio,Chakrva@gmail.com,Lincoln,OSHD2018-322,OSHD,ESB,Interpret documents,Indonesia,9-Aug-18,12,0,13,30
R09,"Thu, 13 Aug 2018 01:14:11 PM",S1234459Z,Chakravarti,Ang Mo Kio,Chakrava@gmail.com,Lincoln,OSHD2018-322,OSHD,ESB,Interpret documents,Indonesia,9-Aug-18,11,30,12,30
R10,"Thu, 14 Aug 2018 01:14:11 PM",S1234459Z,Chakravarti,Ang Mo Kio,Chakrava@gmail.com,John,FMMD1234-01,FMMD,EALB,Engagement / Interview,Indonesia,17-Aug-18,23,0,0,0
R11,"Thu, 15 Aug 2018 02:07:11 PM",S1234567C,Yu Yu,Yio Chu Kang,yuusis@yahoo.com,Tan Lih,LRWD2018-12345,LRWD,IB,Engagement / Interview,Indonesia,13-Aug-18,10,16,18,16
R12,"Thu, 17 Aug 2018 01:18:39 PM",S1234567Z,K Kalias,serangoon central,K_Koon@yahoo.com.sg,Siti Zubeidah,OSHD2018-0534,OSHD,HEB,Interpret documents,Hindustani,15-Aug-18,20,10,21,10
R13,"Thu, 17 Aug 2018 01:21:21 PM",S1234567A,Shirin,Serangoon central,shirin@yahoo.com,Siti Zubeidah,OSHD2018-0588,OSHD,ESB,Interpret documents,Indonesia,15-Aug-18,20,10,23,10
R14,"Thu, 17 Aug 2018 01:23:37 PM",S1234567B,Zahurul,CCK,Zahur@gmail.com,Ng Yew Hei,OSHD2018-0448,OSHD,HEB,Engagement / Interview,Myanmar,15-Aug-18,18,5,22,0
R15,"Thu, 17 Aug 2018 01:26:35 PM",S1234567L,P. Subranabiam,Bukit Batok,P_19834@yahoo.com,Lincoln,OSHD2018-322,OSHD,ESB,Interpret documents,Malayalam,15-Aug-18,5,0,7,15
R16,"Thu, 19 Aug 2018 01:14:11 PM",S1234459Z,Chakravarti,Ang Mo Kio,Chakrava@gmail.com,Mary,FMMD4321-02,FMMD,HEB,Interpret documents,Indonesia,18-Aug-18,0,30,1,0
R17,"Thu, 20 Aug 2018 01:14:11 PM",S1234567Z,K Kalias,serangoon central,K_Koon@yahoo.com.sg,Mark,FMMD-009,FMMD,ESB,Interpret documents,Hindustani,18-Aug-18,10,30,13,0
R18,"Thu, 20 Aug 2018 01:30:46 PM",S1234567K,Malliga,Bedok,Malliga_ba@yahoo.com.sg,Affendi,OSHD2018-4629,OSHD,TMB,Engagement / Interview,Tamil,17-Aug-18,10,0,10,30
R19,"Thu, 20 Aug 2018 01:58:10 PM",S1234567E,Tin Hlaing,Tuas,Tin@yahoo.com.sg,Dylis Cai,FMMD2018_234,FMMD,HEB,Interpret documents,Tamil,18-Aug-18,18,5,22,0
R20,"Thu, 21 Aug 2018 01:14:11 PM",S1234567Z,K Kalias,serangoon central,K_Koon@yahoo.com.sg,Thomas,FMMD-010,FMMD,EALB,Interpret documents,Hindustani,18-Aug-18,13,0,13,20
R21,"Thu, 23 Aug 2018 01:46:08 PM",S1234567G,Gurmit,holland,gw@hotmail.com,Vincent,FMMD2018_1234,FMMD,IB,Interpret documents,Mandarin,15-Aug-18,8,0,10,30
R22,"Thu, 23 Aug 2018 01:54:50 PM",S1234567F,Lee Zee,Sengkang,lee_zee@yahoo.com.sg,Annabelle,FMMD2018-182,FMMD,ESB,Engagement / Interview,Korean,15-Aug-18,5,0,7,15
R23,"Thu, 24 Aug 2018 01:14:11 PM",S1234567Z,K Kalias,serangoon central,K_Koon@yahoo.com.sg,John,FMMD-011,FMMD,ESB,Interpret documents,Hindustani,23-Aug-18,23,0,0,0
R24,"Thu, 24 Aug 2018 01:20:11 PM",S1234567Z,K Kalias,serangoon central,K_Koon@yahoo.com.sg,Mary,FMMD-012,FMMD,EALB,Interpret documents,Hindustani,24-Aug-18,1,0,1,30
R25,"Thu, 25 Aug 2018 01:14:11 PM",S1234567Z,K Kalias,serangoon central,K_Koon@yahoo.com.sg,Steven,FMMD-013,FMMD,HEB,Interpret documents,Hindustani,23-Aug-18,23,0,0,0
R26,"Thu, 25 Aug 2018 02:14:11 PM",S1234567Z,K Kalias,serangoon central,K_Koon@yahoo.com.sg,Sally,FMMD-014,FMMD,EALB,Interpret documents,Hindustani,24-Aug-18,0,30,1,30
R27,"Thu, 25 Aug 2018 03:14:11 PM",S1234567Z,K Kalias,serangoon central,K_Koon@yahoo.com.sg,John,FMMD-015,FMMD,ESB,Interpret documents,Hindustani,24-Aug-18,1,30,2,0
R28,"Thu, 25 Aug 2018 05:14:11 PM",S1234567Z,K Kalias,serangoon central,K_Koon@yahoo.com.sg,Mary,FMMD-016,FMMD,ESB,Interpret documents,Hindustani,24-Aug-18,2,0,3,30
R29,"Thu, 25 Aug 2018 02:14:11 PM",S1234567Z,Hannah,serangoon central,K_Koon@yahoo.com.sg,Sally,FMMD-014,FMMD,EALB,Interpret documents,Hindustani,24-Aug-18,18,30,22,30
R30,"Thu, 25 Aug 2018 02:14:11 PM",S1234567Z,Hannah,serangoon central,K_Koon@yahoo.com.sg,Sally,FMMD-014,FMMD,EALB,Interpret documents,Hindustani,24-Aug-18,19,30,22,5
R31,"Thu, 25 Aug 2018 02:14:11 PM",S1234567Z,Sally,serangoon central,K_Koon@yahoo.com.sg,Sally,FMMD-014,FMMD,EALB,Interpret documents,Hindustani,24-Aug-18,19,30,23,30
R32,"Thu, 25 Aug 2018 02:14:11 PM",S1234567L,P. Subranabiam,Bukit Batok,P_19834@yahoo.com,Lincoln,OSHD2018-322,OSHD,ESB,Interpret documents,Malayalam,25-Aug-18,6,30,8,15
R33,"Fri, 26 Aug 2018 02:14:11 PM",S1234567L,P. Subranabiam,Bukit Batok,P_19834@yahoo.com,Lincoln,OSHD2018-322,OSHD,ESB,Interpret documents,Malayalam,26-Aug-18,4,0,8,0
R34,"Fri, 26 Aug 2018 02:14:11 PM",S2345678J,Rebekah,Admiralty,rebekah@gmail.com,Mary,FMMD-011,FMMD,EALB,Interpret documents,Malayalam,26-Aug-18,18,20,23,30
R35,"Fri, 26 Aug 2018 02:14:11 PM",S2345678J,Rebekah,Admiralty,rebekah@gmail.com,Mary,FMMD-012,FMMD,EALB,Interpret documents,Malayalam,26-Aug-18,18,0,22,0
R36,"Fri, 26 Aug 2018 02:14:11 PM",S2345678J,Rebekah,Admiralty,rebekah@gmail.com,Mary,FMMD-013,FMMD,EALB,Interpret documents,Malayalam,26-Aug-18,19,0,23,0
R37,"Fri, 26 Aug 2018 02:14:11 PM",S2345678J,Joseph,Admiralty,rebekah@gmail.com,Mary,FMMD-014,FMMD,EALB,Interpret documents,Malayalam,27-Aug-18,4,30,7,20
R38,"Fri, 26 Aug 2018 02:14:11 PM",S2345678J,Joseph,Admiralty,rebekah@gmail.com,Mary,FMMD-015,FMMD,EALB,Interpret documents,Malayalam,28-Aug-18,3,10,6,10
R39,"Fri, 26 Aug 2018 02:14:11 PM",S2345678J,John,Admiralty,rebekah@gmail.com,Mary,FMMD-016,FMMD,EALB,Interpret documents,Malayalam,29-Aug-18,19,10,20,0
R40,"Fri, 26 Aug 2018 02:14:11 PM",S2345678J,Rebekah,Admiralty,rebekah@gmail.com,Mary,FMMD-017,FMMD,EALB,Interpret documents,Malayalam,30-Aug-18,20,0,21,0
R41,"Fri, 26 Aug 2018 02:14:11 PM",S2345678J,Rebekah,Admiralty,rebekah@gmail.com,Mary,FMMD-018,FMMD,EALB,Interpret documents,Malayalam,31-Aug-18,19,5,21,5
R42,"Fri, 26 Aug 2018 02:14:11 PM",S2345678J,Rebekah,Admiralty,rebekah@gmail.com,Mary,FMMD-019,FMMD,EALB,Interpret documents,Malayalam,1-Sep-18,4,15,8,15
R43,"Fri, 26 Aug 2018 02:14:11 PM",S2345678J,Jeffrey,Admiralty,rebekah@gmail.com,Mary,FMMD-020,FMMD,EALB,Interpret documents,Malayalam,2-Sep-18,4,0,6,0
R44,"Fri, 26 Aug 2018 02:14:11 PM",S2345678J,Jack,Bedok,rebekah@gmail.com,Mary,FMMD-021,FMMD,EALB,Interpret documents,Malayalam,3-Sep-18,4,30,9,5
R45,"Fri, 26 Aug 2018 02:14:11 PM",S2345678J,Joshua,Bishan,rebekah@gmail.com,Mary,FMMD-022,FMMD,EALB,Interpret documents,Malayalam,4-Sep-18,4,0,8,0
R46,"Fri, 26 Aug 2018 02:14:11 PM",S2345678J,Pearlyn,Bishan,rebekah@gmail.com,Mary,FMMD-023,FMMD,EALB,Interpret documents,Malayalam,5-Sep-18,4,10,7,20
R47,"Fri, 26 Aug 2018 02:14:11 PM",S2345678J,James,Bishan,rebekah@gmail.com,Mary,FMMD-024,FMMD,EALB,Interpret documents,Malayalam,6-Sep-18,5,0,7,15
R48,"Fri, 26 Aug 2018 02:14:11 PM",S2345678J,Sandra,Bishan,rebekah@gmail.com,Mary,FMMD-025,FMMD,EALB,Interpret documents,Malayalam,7-Sep-18,19,0,22,15
R49,"Fri, 26 Aug 2018 02:14:11 PM",S2345678J,Sandra,Bishan,rebekah@gmail.com,Mary,FMMD-026,FMMD,EALB,Interpret documents,Malayalam,8-Sep-18,18,0,23,0